{
  "project_info": {
    "project_number": "769798325843",
    "firebase_url": "https://hoyahacks-96238.firebaseio.com",
    "project_id": "hoyahacks-96238",
    "storage_bucket": "hoyahacks-96238.appspot.com"
  },
  "client": [
    {
      "client_info": {
        "mobilesdk_app_id": "1:769798325843:android:d5400d4a58b08021",
        "android_client_info": {
          "package_name": "edu.georgetown.cs.hoyahacks"
        }
      },
      "oauth_client": [
        {
          "client_id": "769798325843-eo7r41icmtv4p666a3hdg3g2b4kbdu4o.apps.googleusercontent.com",
          "client_type": 3
        }
      ],
      "api_key": [
        {
          "current_key": "AIzaSyChS_h0woeSTDLwJiBJn4hACxb0oL4xEwE"
        }
      ],
      "services": {
        "analytics_service": {
          "status": 1
        },
        "appinvite_service": {
          "status": 1,
          "other_platform_oauth_client": []
        },
        "ads_service": {
          "status": 2
        }
      }
    }
  ],
  "configuration_version": "1"
}